address;source_location;insn;indent
0xa1b0;/gpfs/home/doabaul/AOC/AOC_MINI_PROJET/NPB3.4.4/NPB3.4-MPI/FT/ft.f90:1119;MOV	%EDX,0x38(%RSP);
0xa1b4;/gpfs/home/doabaul/AOC/AOC_MINI_PROJET/NPB3.4.4/NPB3.4-MPI/FT/ft.f90:1118;SUB	$0x8,%RSP;
0xa1b8;/gpfs/home/doabaul/AOC/AOC_MINI_PROJET/NPB3.4.4/NPB3.4-MPI/FT/ft.f90:1118;MOV	%RDI,%RBP;
0xa1bb;/gpfs/home/doabaul/AOC/AOC_MINI_PROJET/NPB3.4.4/NPB3.4-MPI/FT/ft.f90:1118;LEA	0x24(%RSP),%RSI;
0xa1c0;/gpfs/home/doabaul/AOC/AOC_MINI_PROJET/NPB3.4.4/NPB3.4-MPI/FT/ft.f90:1118;MOV	%R15,%RDX;
0xa1c3;/gpfs/home/doabaul/AOC/AOC_MINI_PROJET/NPB3.4.4/NPB3.4-MPI/FT/ft.f90:1118;MOV	%R12,%RCX;
0xa1c6;/gpfs/home/doabaul/AOC/AOC_MINI_PROJET/NPB3.4.4/NPB3.4-MPI/FT/ft.f90:1118;MOV	0x50(%RSP),%R8;
0xa1cb;/gpfs/home/doabaul/AOC/AOC_MINI_PROJET/NPB3.4.4/NPB3.4-MPI/FT/ft.f90:1118;MOV	0x48(%RSP),%R9;
0xa1d0;/gpfs/home/doabaul/AOC/AOC_MINI_PROJET/NPB3.4.4/NPB3.4-MPI/FT/ft.f90:1118;PUSH	%R14;
0xa1d2;/gpfs/home/doabaul/AOC/AOC_MINI_PROJET/NPB3.4.4/NPB3.4-MPI/FT/ft.f90:1118;PUSH	%RBX;
0xa1d3;/gpfs/home/doabaul/AOC/AOC_MINI_PROJET/NPB3.4.4/NPB3.4-MPI/FT/ft.f90:1118;PUSHQ	0x38(%RSP);
0xa1d7;/gpfs/home/doabaul/AOC/AOC_MINI_PROJET/NPB3.4.4/NPB3.4-MPI/FT/ft.f90:1118;CALL	a3f0 <fftz2_>;
0xa1dc;/gpfs/home/doabaul/AOC/AOC_MINI_PROJET/NPB3.4.4/NPB3.4-MPI/FT/ft.f90:1118;ADD	$0x20,%RSP;
0xa1e0;/gpfs/home/doabaul/AOC/AOC_MINI_PROJET/NPB3.4.4/NPB3.4-MPI/FT/ft.f90:1119;CMPL	$0,0x8(%RSP);
0xa1e5;/gpfs/home/doabaul/AOC/AOC_MINI_PROJET/NPB3.4.4/NPB3.4-MPI/FT/ft.f90:1119;JE	a248 <cfftz_+0x208>;
0xa1e7;/gpfs/home/doabaul/AOC/AOC_MINI_PROJET/NPB3.4.4/NPB3.4-MPI/FT/ft.f90:1120;LEA	0x1(%R13),%EAX;
0xa1eb;/gpfs/home/doabaul/AOC/AOC_MINI_PROJET/NPB3.4.4/NPB3.4-MPI/FT/ft.f90:1120;MOV	%EAX,0x3c(%RSP);
0xa1ef;/gpfs/home/doabaul/AOC/AOC_MINI_PROJET/NPB3.4.4/NPB3.4-MPI/FT/ft.f90:1120;SUB	$0x8,%RSP;
0xa1f3;/gpfs/home/doabaul/AOC/AOC_MINI_PROJET/NPB3.4.4/NPB3.4-MPI/FT/ft.f90:1120;MOV	%RBP,%RDI;
0xa1f6;/gpfs/home/doabaul/AOC/AOC_MINI_PROJET/NPB3.4.4/NPB3.4-MPI/FT/ft.f90:1120;LEA	0x44(%RSP),%RSI;
0xa1fb;/gpfs/home/doabaul/AOC/AOC_MINI_PROJET/NPB3.4.4/NPB3.4-MPI/FT/ft.f90:1120;MOV	%R15,%RDX;
0xa1fe;/gpfs/home/doabaul/AOC/AOC_MINI_PROJET/NPB3.4.4/NPB3.4-MPI/FT/ft.f90:1120;MOV	%R12,%RCX;
0xa201;/gpfs/home/doabaul/AOC/AOC_MINI_PROJET/NPB3.4.4/NPB3.4-MPI/FT/ft.f90:1120;MOV	0x50(%RSP),%R8;
0xa206;/gpfs/home/doabaul/AOC/AOC_MINI_PROJET/NPB3.4.4/NPB3.4-MPI/FT/ft.f90:1120;MOV	0x48(%RSP),%R9;
0xa20b;/gpfs/home/doabaul/AOC/AOC_MINI_PROJET/NPB3.4.4/NPB3.4-MPI/FT/ft.f90:1120;PUSH	%RBX;
0xa20c;/gpfs/home/doabaul/AOC/AOC_MINI_PROJET/NPB3.4.4/NPB3.4-MPI/FT/ft.f90:1120;PUSH	%R14;
0xa20e;/gpfs/home/doabaul/AOC/AOC_MINI_PROJET/NPB3.4.4/NPB3.4-MPI/FT/ft.f90:1120;PUSHQ	0x38(%RSP);
0xa212;/gpfs/home/doabaul/AOC/AOC_MINI_PROJET/NPB3.4.4/NPB3.4-MPI/FT/ft.f90:1120;CALL	a3f0 <fftz2_>;
0xa217;/gpfs/home/doabaul/AOC/AOC_MINI_PROJET/NPB3.4.4/NPB3.4-MPI/FT/ft.f90:1120;ADD	$0x20,%RSP;
0xa21b;/gpfs/home/doabaul/AOC/AOC_MINI_PROJET/NPB3.4.4/NPB3.4-MPI/FT/ft.f90:1121;ADD	$0x2,%R13D;
0xa21f;/gpfs/home/doabaul/AOC/AOC_MINI_PROJET/NPB3.4.4/NPB3.4-MPI/FT/ft.f90:1121;MOV	%R13D,0x1c(%RSP);
0xa224;/gpfs/home/doabaul/AOC/AOC_MINI_PROJET/NPB3.4.4/NPB3.4-MPI/FT/ft.f90:1121;MOV	0x8(%RSP),%RAX;
0xa229;/gpfs/home/doabaul/AOC/AOC_MINI_PROJET/NPB3.4.4/NPB3.4-MPI/FT/ft.f90:1121;ADD	$-0x2,%EAX;
0xa22c;/gpfs/home/doabaul/AOC/AOC_MINI_PROJET/NPB3.4.4/NPB3.4-MPI/FT/ft.f90:1121;MOV	%RAX,0x8(%RSP);
0xa231;/gpfs/home/doabaul/AOC/AOC_MINI_PROJET/NPB3.4.4/NPB3.4-MPI/FT/ft.f90:1121;MOV	0x38(%RSP),%EDX;
0xa235;/gpfs/home/doabaul/AOC/AOC_MINI_PROJET/NPB3.4.4/NPB3.4-MPI/FT/ft.f90:1121;DEC	%EDX;
0xa237;/gpfs/home/doabaul/AOC/AOC_MINI_PROJET/NPB3.4.4/NPB3.4-MPI/FT/ft.f90:1121;CMP	$0x1,%EDX;
0xa23a;/gpfs/home/doabaul/AOC/AOC_MINI_PROJET/NPB3.4.4/NPB3.4-MPI/FT/ft.f90:1121;MOV	%RBP,%RDI;
0xa23d;/gpfs/home/doabaul/AOC/AOC_MINI_PROJET/NPB3.4.4/NPB3.4-MPI/FT/ft.f90:1121;JG	a1b0 <cfftz_+0x170>;
