key;label;is_mpi;is_omp;
romeo-c040_3811353;12;true;false;
romeo-c040_3811353_3811353;12.0;true;false;
romeo-c040_3811352;11;true;false;
romeo-c040_3811352_3811352;11.0;true;false;
romeo-c040_3811339;1;true;false;
romeo-c040_3811339_3811339;1.0;true;false;
romeo-c040_3811355;14;true;false;
romeo-c040_3811355_3811355;14.0;true;false;
romeo-c040_3811356;15;true;false;
romeo-c040_3811356_3811356;15.0;true;false;
romeo-c040_3811340;3;true;false;
romeo-c040_3811340_3811340;3.0;true;false;
romeo-c040_3811347;8;true;false;
romeo-c040_3811347_3811347;8.0;true;false;
romeo-c040_3811343;5;true;false;
romeo-c040_3811343_3811343;5.0;true;false;
romeo-c040_3811338;2;true;false;
romeo-c040_3811338_3811338;2.0;true;false;
romeo-c040_3811345;6;true;false;
romeo-c040_3811345_3811345;6.0;true;false;
romeo-c040_3811342;4;true;false;
romeo-c040_3811342_3811342;4.0;true;false;
romeo-c040_3811346;7;true;false;
romeo-c040_3811346_3811346;7.0;true;false;
romeo-c040_3811354;13;true;false;
romeo-c040_3811354_3811354;13.0;true;false;
romeo-c040_3811348;9;true;false;
romeo-c040_3811348_3811348;9.0;true;false;
romeo-c040_3811335;0;true;false;
romeo-c040_3811335_3811335;0.0;true;false;
romeo-c040_3811350;10;true;false;
romeo-c040_3811350_3811350;10.0;true;false;
